City_ID,City,Country,Lat,Lng,Max Temp,Humidity,Cloudiness,Wind Speed,Current Description
0,Bredasdorp,ZA,-34.5322,20.0403,52.29,80,96,2.84,overcast clouds
1,Uruzgan,AF,32.8333,66.0,37.06,38,29,3.76,scattered clouds
2,Torbay,CA,47.6666,-52.7314,37.58,78,90,10.36,overcast clouds
3,Ushuaia,AR,-54.8,-68.3,47.86,81,75,14.97,light intensity drizzle
4,Sao Filipe,CV,14.8961,-24.4956,76.82,69,57,6.33,broken clouds
5,Hobyo,SO,5.3505,48.5268,78.44,70,100,14.41,overcast clouds
6,Jamestown,US,42.097,-79.2353,33.51,91,90,15.99,light snow
7,Diebougou,BF,10.9667,-3.25,74.53,19,12,3.29,few clouds
8,Faya,SA,18.3851,42.4509,46.51,29,0,1.9,clear sky
9,Bud,US,39.447,-86.1758,30.29,51,46,11.43,scattered clouds
10,Avarua,CK,-21.2078,-159.775,80.65,89,75,6.91,light rain
11,Sao Raimundo Nonato,BR,-9.0153,-42.6994,77.07,62,2,1.74,clear sky
12,Tura,IN,25.5198,90.2201,66.97,80,0,1.88,clear sky
13,Hermanus,ZA,-34.4187,19.2345,59.9,76,98,3.51,overcast clouds
14,Mataura,NZ,-46.1927,168.8643,67.48,34,6,2.33,clear sky
15,Busselton,AU,-33.65,115.3333,73.09,42,0,14.81,clear sky
16,Bambous Virieux,MU,-20.3428,57.7575,78.22,78,20,8.05,light rain
17,Ahipara,NZ,-35.1667,173.1667,72.01,68,100,8.12,light rain
18,Hilo,US,19.7297,-155.09,80.28,83,90,6.91,mist
19,Longyearbyen,SJ,78.2186,15.6401,33.64,75,75,25.32,broken clouds
20,Albany,US,42.6001,-73.9662,42.51,80,100,7.0,overcast clouds
21,Punta Arenas,CL,-53.15,-70.9167,50.11,81,75,17.27,light intensity shower rain
22,Khatanga,RU,71.9667,102.5,-6.61,98,100,8.05,overcast clouds
23,Nueva Loja,EC,0.0847,-76.8828,71.91,98,100,0.74,overcast clouds
24,Acarau,BR,-2.8856,-40.12,81.09,81,32,17.0,scattered clouds
25,Leshukonskoye,RU,64.8989,45.7622,15.21,93,100,8.12,overcast clouds
26,Tuktoyaktuk,CA,69.4541,-133.0374,10.4,79,90,17.27,overcast clouds
27,Esso,RU,55.9333,158.7,20.34,95,100,0.36,snow
28,Carballo,ES,43.213,-8.691,57.76,94,100,8.52,overcast clouds
29,Hithadhoo,MV,-0.6,73.0833,82.18,77,100,17.2,overcast clouds
30,Korla,CN,41.7597,86.1469,30.31,45,100,3.36,overcast clouds
31,Lorengau,PG,-2.0226,147.2712,82.0,83,100,15.52,light rain
32,Tasiilaq,GL,65.6145,-37.6368,30.36,88,100,5.03,light snow
33,Itarema,BR,-2.9248,-39.9167,80.91,81,45,16.51,scattered clouds
34,Sechura,PE,-5.5569,-80.8222,67.89,79,97,12.3,overcast clouds
35,Pingdingshan,CN,33.7385,113.3012,44.62,48,17,9.71,few clouds
36,Vaike-Maarja,EE,59.1264,26.25,0.59,98,30,1.5,scattered clouds
37,Tongren,CN,27.7172,109.1853,54.25,50,50,7.18,scattered clouds
38,Batemans Bay,AU,-35.7167,150.1833,83.98,48,33,8.32,scattered clouds
39,Sambava,MG,-14.2667,50.1667,72.86,90,19,9.17,light rain
40,Ossora,RU,59.2353,163.0719,17.89,89,100,5.19,overcast clouds
41,Svetlogorsk,BY,52.6333,29.7333,30.87,99,100,4.18,light snow
42,Isangel,VU,-19.55,169.2667,87.91,66,75,6.91,broken clouds
43,San Carlos,VE,9.6612,-68.5827,75.15,80,39,4.16,scattered clouds
44,Nemuro,JP,43.3236,145.575,52.23,71,10,10.8,clear sky
45,Kuvshinovo,RU,57.0295,34.1725,23.29,96,100,7.45,light snow
46,Angoche,MZ,-16.2325,39.9086,75.94,89,100,6.44,overcast clouds
47,Dikson,RU,73.5069,80.5464,-15.7,100,89,3.96,overcast clouds
48,Buraydah,SA,26.326,43.975,52.25,43,6,7.34,clear sky
49,Verkhnyaya Toyma,RU,62.2349,44.9985,-5.55,100,96,2.44,overcast clouds
50,Hobart,AU,-42.8794,147.3294,57.27,70,75,1.99,broken clouds
51,Langres,FR,47.8333,5.3333,37.18,93,96,13.13,overcast clouds
52,Honiara,SB,-9.4333,159.95,83.34,82,99,3.96,overcast clouds
53,Rikitea,PF,-23.1203,-134.9692,76.57,71,22,8.88,few clouds
54,Rameswaram,IN,9.2833,79.3,81.52,74,28,12.39,scattered clouds
55,Venice,US,27.0998,-82.4543,70.14,94,1,0.0,clear sky
56,Kumluca,TR,36.3703,30.2869,60.67,83,74,1.03,broken clouds
57,Lobito,AO,-12.3481,13.5456,77.49,81,100,4.23,light rain
58,Ribeira Grande,PT,38.5167,-28.7,64.83,85,95,16.58,overcast clouds
59,Cape Town,ZA,-33.9258,18.4232,62.89,80,20,1.99,few clouds
60,Fort Nelson,CA,58.8053,-122.7002,-11.61,77,40,0.0,scattered clouds
61,Paita,PE,-5.0892,-81.1144,66.97,83,94,9.82,overcast clouds
62,Rio Grande,BR,-32.035,-52.0986,67.95,74,1,12.71,clear sky
63,Butaritari,KI,3.0707,172.7902,83.14,74,94,12.59,overcast clouds
64,East London,ZA,-33.0153,27.9116,65.52,83,100,7.38,overcast clouds
65,Mar Del Plata,AR,-38.0023,-57.5575,64.87,83,0,18.99,clear sky
66,Thompson,CA,55.7435,-97.8558,-23.64,76,1,2.3,clear sky
67,Conceicao Do Araguaia,BR,-8.2578,-49.2647,75.45,91,99,1.72,overcast clouds
68,Bubaque,GW,11.2833,-15.8333,81.23,73,7,5.3,clear sky
69,Batagay,RU,67.6333,134.6333,-43.06,95,85,2.48,overcast clouds
70,Zalaegerszeg,HU,46.84,16.8439,30.25,88,8,7.34,clear sky
71,San Andres,CO,12.5847,-81.7006,82.42,78,40,13.8,scattered clouds
72,Port Elizabeth,ZA,-33.918,25.5701,62.1,90,80,6.15,broken clouds
73,New Norfolk,AU,-42.7826,147.0587,56.91,48,98,3.0,overcast clouds
74,Aklavik,CA,68.2191,-135.0107,16.52,81,100,5.46,overcast clouds
75,Trairi,BR,-3.2778,-39.2689,81.1,78,49,13.4,scattered clouds
76,Port Alfred,ZA,-33.5906,26.891,63.32,89,76,8.05,broken clouds
77,Port Hedland,AU,-20.3167,118.5667,95.05,52,62,14.97,broken clouds
78,Chuy,UY,-33.6971,-53.4616,62.28,89,0,7.49,clear sky
79,Acajutla,SV,13.5928,-89.8275,79.59,75,0,3.04,clear sky
80,De Aar,ZA,-30.6497,24.0123,61.54,57,8,5.95,clear sky
81,Axim,GH,4.8699,-2.2405,79.27,85,92,6.62,overcast clouds
82,Barabai,ID,-2.5833,115.3833,83.62,72,100,4.03,overcast clouds
83,Umba,RU,66.6871,34.3429,10.29,92,64,4.61,broken clouds
84,Aden,YE,12.7794,45.0367,78.26,70,20,13.33,few clouds
85,Saint-Philippe,RE,-21.3585,55.7679,76.59,77,35,8.72,scattered clouds
86,Raudeberg,NO,61.9875,5.1352,36.27,63,100,11.99,overcast clouds
87,Pevek,RU,69.7008,170.3133,-12.14,92,100,12.17,overcast clouds
88,Smithers,CA,54.7804,-127.1743,14.32,92,90,0.0,overcast clouds
89,Cherskiy,RU,68.75,161.3,-24.09,97,100,4.23,overcast clouds
90,Saint George,US,37.1041,-113.5841,60.53,34,1,1.01,clear sky
91,Esperance,AU,-33.8667,121.9,69.64,51,45,15.79,scattered clouds
92,Pouembout,NC,-21.1333,164.9,87.39,56,24,5.55,few clouds
93,Dauphin,CA,51.1494,-100.0502,-3.86,71,1,10.36,clear sky
94,College,US,64.8569,-147.8028,26.26,82,90,4.61,overcast clouds
95,Coromandel,BR,-18.4733,-47.2003,65.07,90,0,1.03,clear sky
96,Ostrovnoy,RU,68.0531,39.5131,13.78,86,100,18.79,overcast clouds
97,Iralaya,HN,15.0,-83.2333,78.13,88,10,10.22,clear sky
98,Tucumcari,US,35.1717,-103.725,39.04,28,1,13.8,clear sky
99,Lagunas,PE,-5.2269,-75.6753,72.68,98,98,2.55,very heavy rain
100,Litovko,RU,49.2361,135.1742,19.33,80,48,8.81,scattered clouds
101,Mo I Rana,NO,66.3128,14.1428,-2.29,86,2,8.81,clear sky
102,Villazon,BO,-22.0866,-65.5942,50.22,73,100,12.35,overcast clouds
103,Kulhudhuffushi,MV,6.6221,73.07,82.65,75,48,13.02,scattered clouds
104,Qaanaaq,GL,77.484,-69.3632,17.2,79,100,7.29,overcast clouds
105,Atambua,ID,-9.1061,124.8925,85.01,63,99,2.35,overcast clouds
106,Provideniya,RU,64.3833,-173.3,12.31,79,90,11.18,light snow
107,Guerrero Negro,MX,27.9769,-114.0611,62.55,83,0,8.66,clear sky
108,Makakilo City,US,21.3469,-158.0858,73.72,90,75,4.61,mist
109,Ponta Do Sol,PT,32.6667,-17.1,65.03,69,100,6.49,overcast clouds
110,Yingkou,CN,40.6648,122.2283,36.99,39,0,2.8,clear sky
111,Fortuna,US,40.5982,-124.1573,49.42,76,90,5.99,moderate rain
112,Asau,RO,46.4333,26.4,34.95,87,97,3.18,overcast clouds
113,Robertsport,LR,6.7533,-11.3686,80.29,80,6,6.82,light rain
114,Cortez,US,37.3489,-108.5859,47.7,33,40,0.0,scattered clouds
115,Salalah,OM,17.0151,54.0924,73.49,33,0,6.91,clear sky
116,Castro,BR,-24.7911,-50.0119,59.07,94,84,11.74,broken clouds
117,Kahului,US,20.8947,-156.47,80.62,81,40,3.44,scattered clouds
118,Puerto Ayora,EC,-0.7393,-90.3518,68.31,85,81,5.75,broken clouds
119,Peniche,PT,39.3558,-9.3811,60.62,93,93,7.83,overcast clouds
120,Karpathos,GR,35.507,27.2132,64.36,63,11,24.16,few clouds
121,Airai,TL,-8.9266,125.4092,74.62,63,97,2.8,overcast clouds
122,Marawi,PH,7.9986,124.2928,67.57,97,100,3.0,overcast clouds
123,Nikolskoye,RU,59.7035,30.7861,6.4,97,100,2.71,light snow
124,Coihaique,CL,-45.5752,-72.0662,60.75,59,0,3.44,clear sky
125,Severnyy,RU,50.677,36.5532,33.84,100,90,17.9,heavy intensity drizzle
126,Iqaluit,CA,63.7506,-68.5145,11.93,66,75,5.99,broken clouds
127,Arauca,CO,7.0847,-70.7591,76.96,88,0,0.0,clear sky
128,Marsh Harbour,BS,26.5412,-77.0636,77.04,84,9,9.91,clear sky
129,Atuona,PF,-9.8,-139.0333,79.11,70,1,19.04,clear sky
130,Sao Lourenco Do Oeste,BR,-26.3592,-52.8511,57.85,88,0,3.42,clear sky
131,Cizer,RO,47.0667,22.8833,38.73,99,100,2.59,overcast clouds
132,Cuenca,EC,-2.8833,-78.9833,60.93,72,75,6.91,broken clouds
133,Sulangan,PH,11.1373,123.7228,81.05,74,97,14.36,light rain
134,Mahebourg,MU,-20.4081,57.7,78.26,78,20,8.05,light rain
135,Saint Anthony,US,45.0205,-93.218,6.26,66,1,1.01,clear sky
136,Kaitangata,NZ,-46.2817,169.8464,58.93,79,79,12.08,broken clouds
137,Mittagong,AU,-34.45,150.45,72.0,61,77,6.38,moderate rain
138,Leh,IN,34.1667,77.5833,8.6,73,36,5.41,scattered clouds
139,Nanortalik,GL,60.1432,-45.2371,23.02,57,1,33.6,clear sky
140,Nabire,ID,-3.3667,135.4833,89.89,58,64,5.1,broken clouds
141,Souillac,MU,-20.5167,57.5167,78.37,78,20,8.05,light rain
142,Liku,ID,-0.7275,119.8922,88.09,53,100,6.78,overcast clouds
143,Arraial Do Cabo,BR,-22.9661,-42.0278,72.64,87,49,12.53,scattered clouds
144,Takoradi,GH,4.8845,-1.7554,79.5,84,67,7.74,broken clouds
145,Barrow,US,71.2906,-156.7887,19.42,79,1,13.8,clear sky
146,Alyangula,AU,-13.8483,136.4192,89.47,74,40,8.05,scattered clouds
147,Kruisfontein,ZA,-34.0033,24.7314,59.88,94,38,3.49,scattered clouds
148,Gimli,CA,50.6336,-96.9907,-3.57,77,100,3.44,overcast clouds
149,Maragogi,BR,-9.0122,-35.2225,78.22,71,7,8.86,clear sky
150,Pitea,SE,65.3172,21.4794,10.49,96,100,6.64,light snow
151,Vaini,TO,-21.2,-175.2,82.56,83,40,10.36,scattered clouds
152,Lexington,US,37.9887,-84.4777,33.12,65,1,5.75,clear sky
153,Poirino,IT,44.9208,7.8469,40.46,54,1,0.98,clear sky
154,Tavda,RU,58.0425,65.2726,1.02,94,51,4.88,broken clouds
155,Atbasar,KZ,51.8,68.3333,8.26,96,67,6.87,broken clouds
156,Lebu,CL,-37.6167,-73.65,57.29,86,73,11.12,broken clouds
157,Cangzhou,CN,38.3167,116.8667,43.88,36,3,3.89,clear sky
158,Hambantota,LK,6.1241,81.1185,77.34,100,44,3.44,scattered clouds
159,Visnes,NO,59.3556,5.2242,38.82,65,100,29.93,light rain
160,Lata,PT,40.1629,-8.3327,58.05,97,100,4.59,overcast clouds
161,Oloron-Sainte-Marie,FR,43.1944,-0.6107,47.03,89,66,4.56,broken clouds
162,Belyy Yar,RU,53.6039,91.3903,24.69,78,100,4.47,overcast clouds
163,Kavieng,PG,-2.5744,150.7967,81.93,80,100,13.85,moderate rain
164,Cidreira,BR,-30.1811,-50.2056,68.07,73,17,14.65,few clouds
165,Madang,PG,-5.2246,145.7966,87.03,67,76,7.63,broken clouds
166,Wad Madani,SD,14.4012,33.5199,74.57,35,0,9.98,clear sky
167,Whitefish,US,48.4111,-114.3376,25.38,89,78,1.97,broken clouds
168,Tautira,PF,-17.7333,-149.15,86.02,76,93,14.12,light rain
169,Amarkantak,IN,22.6667,81.75,62.13,62,0,4.79,clear sky
170,Lavrentiya,RU,65.5833,-171.0,-0.2,95,100,8.14,overcast clouds
171,Port Hawkesbury,CA,45.6169,-61.3485,56.59,97,90,13.0,moderate rain
172,Severo-Kurilsk,RU,50.6789,156.125,37.51,88,95,30.15,light rain
173,Damietta,EG,31.4165,31.8133,58.89,67,100,5.73,overcast clouds
174,Eppingen,DE,49.1369,8.9103,37.29,96,100,13.76,light snow
175,Payo,ID,-3.7508,103.6372,83.44,71,53,4.81,light rain
176,Kamachumu,TZ,-1.6186,31.62,61.84,70,95,2.8,overcast clouds
177,Cabo San Lucas,MX,22.8909,-109.9124,76.51,71,1,0.0,clear sky
178,Shelopugino,RU,51.6514,117.5599,22.14,73,15,3.96,few clouds
179,Avera,US,33.194,-82.5271,66.88,83,100,13.2,overcast clouds
180,Yaan,NG,7.3833,8.5667,75.72,69,100,5.21,overcast clouds
181,Porangatu,BR,-13.4408,-49.1486,71.38,95,85,1.48,light rain
182,Georgetown,MY,5.4112,100.3354,83.89,69,20,1.99,few clouds
183,Bluff,NZ,-46.6,168.3333,67.8,67,1,9.62,clear sky
184,Ust-Tsilma,RU,65.441,52.1498,13.59,92,100,8.61,overcast clouds
185,Kalaleh,IR,37.3807,55.4916,44.2,93,0,0.0,clear sky
186,Rumford,US,44.5537,-70.5509,55.0,93,100,13.87,moderate rain
187,Achutupo,PA,9.2,-77.9833,79.5,89,100,7.76,overcast clouds
188,Staryy Nadym,RU,65.6118,72.6842,5.9,96,100,8.93,overcast clouds
189,Bethel,US,41.3712,-73.414,55.99,75,90,24.16,moderate rain
190,Puerto Del Rosario,ES,28.5004,-13.8627,64.15,77,100,12.66,overcast clouds
191,Chambishi,ZM,-12.6325,28.0537,65.44,72,65,4.23,broken clouds
192,Wichita Falls,US,33.9137,-98.4934,39.34,41,1,3.44,clear sky
193,Saskylakh,RU,71.9167,114.0833,-12.28,97,100,6.22,overcast clouds
194,Vanimo,PG,-2.6741,141.3028,83.89,79,99,2.13,overcast clouds
195,Hasaki,JP,35.7333,140.8333,61.09,80,92,21.59,overcast clouds
196,Rostovka,RU,55.3842,71.8891,6.28,92,98,13.09,overcast clouds
197,Husavik,IS,66.0449,-17.3389,30.11,88,100,5.32,overcast clouds
198,Pontes E Lacerda,BR,-15.2261,-59.3353,74.21,94,100,2.35,overcast clouds
199,Aracuai,BR,-16.8497,-42.0703,71.08,94,100,1.1,overcast clouds
200,Chabahar,IR,25.2919,60.643,70.27,69,0,2.77,clear sky
201,Clyde River,CA,70.4692,-68.5914,10.63,79,100,2.3,overcast clouds
202,Kangaatsiaq,GL,68.3065,-53.4641,21.56,67,37,13.58,scattered clouds
203,Pangody,RU,65.85,74.4859,1.51,97,99,9.71,light snow
204,Labuhan,ID,-6.8844,112.2051,82.81,75,81,5.73,broken clouds
205,Tiksi,RU,71.6872,128.8694,-26.63,95,100,8.25,overcast clouds
206,Champerico,GT,14.3,-91.9167,82.35,74,20,5.86,few clouds
207,Santana Do Livramento,BR,-30.8908,-55.5328,63.9,79,0,10.47,clear sky
208,Novoagansk,RU,61.9449,76.6625,-26.77,100,10,4.61,clear sky
209,Mount Isa,AU,-20.7333,139.5,91.17,29,9,10.36,clear sky
210,Nizwa,OM,22.9333,57.5333,62.67,60,0,2.15,clear sky
211,Chokurdakh,RU,70.6333,147.9167,-21.71,98,100,1.19,overcast clouds
212,Torbat-E Jam,IR,35.244,60.6225,44.6,35,0,6.4,clear sky
213,Thinadhoo,MV,0.5333,72.9333,81.63,79,72,14.34,broken clouds
214,Port Dover,CA,42.7834,-80.1997,35.26,72,27,25.52,scattered clouds
215,Lingao,CN,19.9103,109.6859,71.64,49,6,12.44,clear sky
216,Alofi,NU,-19.0595,-169.9187,76.89,88,90,11.5,light intensity drizzle
217,Upernavik,GL,72.7868,-56.1549,16.57,93,100,6.8,overcast clouds
218,Katsuura,JP,35.1333,140.3,61.2,85,100,18.54,overcast clouds
219,Lyngseidet,NO,69.5763,20.2189,15.89,89,24,19.8,few clouds
220,Sept-Iles,CA,50.2001,-66.3821,32.52,97,90,11.99,snow
221,Sabzevar,IR,36.2126,57.6819,43.3,46,0,3.87,clear sky
222,Toccoa,US,34.5773,-83.3324,60.35,74,1,8.05,clear sky
223,Sarapulka,RU,56.8678,61.0552,-2.38,80,6,9.84,clear sky
224,Yeppoon,AU,-23.1333,150.7333,85.78,61,16,10.6,few clouds
225,Yar-Sale,RU,66.8333,70.8333,3.87,93,99,12.28,overcast clouds
226,Vanavara,RU,60.34,102.2797,8.22,97,100,1.25,overcast clouds
227,Lang Son,VN,21.8333,106.7333,68.38,35,3,1.83,clear sky
228,Whitehorse,CA,60.7161,-135.0538,10.02,84,90,25.01,overcast clouds
229,Tiarei,PF,-17.5333,-149.3333,86.02,73,87,13.0,overcast clouds
230,Margate,GB,51.3813,1.3862,38.7,81,13,1.99,few clouds
231,Biak,ID,-0.9131,122.8766,83.48,70,100,2.15,light rain
232,Constitucion,CL,-35.3333,-72.4167,56.16,83,87,9.46,overcast clouds
233,Nouadhibou,MR,20.931,-17.0347,67.95,49,95,11.39,overcast clouds
234,Sangar,RU,63.9242,127.4739,-25.69,96,100,2.62,overcast clouds
235,Luderitz,NA,-26.6481,15.1594,60.46,86,4,15.64,clear sky
236,Mogadishu,SO,2.0371,45.3438,78.44,79,30,13.09,scattered clouds
237,Presidencia Roque Saenz Pena,AR,-26.7852,-60.4388,74.37,53,64,4.0,broken clouds
238,Miri,MY,4.4148,114.0089,82.54,74,20,4.61,few clouds
239,Illela,NG,13.7292,5.2975,69.33,16,23,10.31,few clouds
240,Sao Joao Da Barra,BR,-21.6403,-41.0511,70.3,84,100,4.09,overcast clouds
241,Niquero,CU,20.0431,-77.5828,77.29,80,0,2.71,clear sky
242,Vila Franca Do Campo,PT,37.7167,-25.4333,63.19,82,100,9.4,overcast clouds
243,Lagoa,PT,39.05,-27.9833,63.09,89,67,21.32,broken clouds
244,Hami,CN,42.8,93.45,28.26,55,100,9.4,overcast clouds
245,Oyama,JP,36.3,139.8,60.87,64,86,6.53,light rain
246,Kamloops,CA,50.6665,-120.3192,23.76,80,75,6.91,broken clouds
247,Verkhoyansk,RU,67.5447,133.385,-44.91,92,50,3.89,scattered clouds
248,Talnakh,RU,69.4865,88.3972,-7.8,99,100,11.23,light snow
249,Dongsheng,CN,39.8161,109.9776,31.55,28,100,4.7,overcast clouds
250,Hamilton,US,39.1834,-84.5333,34.07,64,1,5.01,clear sky
251,Yellowknife,CA,62.456,-114.3525,-13.59,83,75,6.91,light snow
252,Simiti,CO,7.9579,-73.9436,77.61,83,31,3.0,scattered clouds
253,Acapulco,MX,16.8634,-99.8901,82.22,78,20,6.91,few clouds
254,Sesheke,ZM,-17.4759,24.2968,69.66,78,92,3.2,light rain
255,Paldiski,EE,59.3567,24.0531,5.34,89,47,3.47,scattered clouds
256,Ilhabela,BR,-23.7781,-45.3581,70.79,89,100,3.36,overcast clouds
257,Atid,RO,46.45,25.05,39.34,88,100,1.9,light rain
258,Pisco,PE,-13.7,-76.2167,66.02,88,0,12.66,clear sky
259,Urubicha,BO,-15.3833,-62.95,73.51,78,61,1.63,broken clouds
260,Celestun,MX,20.8667,-90.4,77.54,87,30,11.65,scattered clouds
261,Anadyr,RU,64.75,177.4833,-3.5,76,75,26.84,broken clouds
262,Moussoro,TD,13.6408,16.4901,71.44,17,14,10.33,few clouds
263,Roald,NO,62.5833,6.1333,37.33,59,90,19.57,overcast clouds
264,Skjervoy,NO,70.0311,20.9714,21.52,56,29,13.69,scattered clouds
265,Dali,CN,25.7,100.1833,53.19,89,100,3.24,overcast clouds
266,Kishapu,TZ,-3.6167,33.8667,69.58,63,74,10.29,broken clouds
267,Harper,LR,4.375,-7.7169,78.37,86,49,7.56,light rain
268,Tezu,IN,27.9167,96.1667,70.54,71,72,1.95,broken clouds
269,Imbituba,BR,-28.24,-48.6703,69.69,87,99,8.05,overcast clouds
270,Ukiah,US,39.1502,-123.2078,55.44,89,90,0.0,overcast clouds
271,Bodden Town,KY,19.2833,-81.25,80.6,91,0,1.99,clear sky
272,Mount Gambier,AU,-37.8333,140.7667,62.51,48,40,18.41,light rain
273,Marystown,CA,47.1666,-55.1483,40.86,100,83,10.0,broken clouds
274,Saldanha,ZA,-33.0117,17.9442,55.45,90,21,12.59,few clouds
275,Nabagram,IN,22.2881,88.5092,73.38,86,32,8.99,scattered clouds
276,Karratha,AU,-20.7377,116.8463,99.82,27,55,10.04,broken clouds
277,Geraldton,AU,-28.7667,114.6,100.81,19,0,16.11,clear sky
278,Malatya,TR,38.5,38.0,24.85,93,66,6.91,broken clouds
279,Jizan,SA,17.3333,42.6667,76.14,74,0,5.32,clear sky
280,Ancud,CL,-41.8697,-73.8203,67.53,80,1,2.68,clear sky
281,Pacific Grove,US,36.6177,-121.9166,55.51,88,75,1.99,broken clouds
282,Los Llanos De Aridane,ES,28.6585,-17.9182,62.35,76,90,8.99,overcast clouds
283,Bay Roberts,CA,47.5999,-53.2648,38.34,79,58,5.01,broken clouds
284,Sorland,NO,67.667,12.6934,26.55,63,2,14.25,clear sky
285,Mangan,IN,27.5167,88.5333,67.32,46,5,1.3,clear sky
286,Arawa,PG,-6.2132,155.5367,83.21,86,96,4.27,moderate rain
287,Port Lincoln,AU,-34.7333,135.8667,62.85,49,37,14.45,scattered clouds
288,Mananara,MG,-16.1667,49.7667,74.66,86,74,2.77,broken clouds
289,Keti Bandar,PK,24.1447,67.4497,67.73,31,0,13.62,clear sky
290,Merauke,ID,-8.4667,140.3333,86.23,62,83,7.87,broken clouds
291,Twante,MM,16.7167,95.9333,75.33,59,29,5.37,scattered clouds
292,Arboletes,CO,8.8505,-76.4269,78.78,87,100,4.32,overcast clouds
293,Maltahohe,NA,-24.8333,16.9833,65.32,27,0,4.85,clear sky
294,Touros,BR,-5.1989,-35.4608,77.9,76,26,12.8,scattered clouds
295,Kapaa,US,22.0752,-159.319,71.92,80,90,4.0,heavy intensity rain
296,Seoul,KR,37.5683,126.9778,46.81,57,0,4.61,clear sky
297,Norman Wells,CA,65.282,-126.8329,-9.36,70,40,6.91,scattered clouds
298,Beipiao,CN,41.7919,120.7792,37.08,33,0,5.21,clear sky
299,Koumac,NC,-20.5667,164.2833,83.97,66,37,9.28,scattered clouds
300,Tabas,IR,33.5959,56.9244,49.15,35,0,7.49,clear sky
301,Gerash,IR,27.6652,54.1371,46.54,59,0,1.92,clear sky
302,Hermosillo,MX,29.0667,-110.9667,73.85,35,1,4.0,clear sky
303,Okulovka,RU,58.4008,33.2908,21.88,95,100,6.22,light snow
304,San Francisco,US,37.7749,-122.4194,55.04,85,90,1.99,mist
305,Laguna,US,38.421,-121.4238,51.64,92,90,1.01,mist
306,Ihosy,MG,-22.4,46.1167,69.21,81,29,6.4,scattered clouds
307,Mitsamiouli,KM,-11.3847,43.2844,81.19,79,37,13.22,scattered clouds
308,Yongchang,CN,30.0381,119.7317,55.83,45,4,5.21,clear sky
309,Carnarvon,AU,-24.8667,113.6333,77.07,69,90,10.36,overcast clouds
310,Kharp,RU,66.8014,65.8081,1.06,94,78,7.49,broken clouds
311,Boa Vista,BR,2.8197,-60.6733,82.38,69,75,10.36,broken clouds
312,Tikapur,NP,28.5,81.1333,66.04,56,0,3.29,clear sky
313,Juneau,US,58.3019,-134.4197,31.21,95,90,14.97,light snow
314,Iracoubo,GF,5.4802,-53.2011,77.22,90,96,7.0,overcast clouds
315,Manicore,BR,-5.8092,-61.3003,73.42,99,100,2.8,moderate rain
316,Otacilio Costa,BR,-27.4831,-50.1219,55.89,99,57,3.24,broken clouds
317,Roebourne,AU,-20.7833,117.1333,97.92,30,47,16.89,scattered clouds
318,Dunkirk,FR,51.05,2.3667,44.02,75,11,3.0,few clouds
319,Aswan,EG,24.0934,32.907,62.64,42,1,4.74,clear sky
320,Walvis Bay,NA,-22.9575,14.5053,58.08,100,14,4.61,few clouds
321,Kodiak,US,57.79,-152.4072,42.31,75,40,8.05,scattered clouds
322,Ambulu,ID,-8.345,113.6058,80.04,82,98,2.01,overcast clouds
323,Jashpurnagar,IN,22.9,84.15,66.67,65,0,4.88,clear sky
324,Bitung,ID,1.4451,125.1824,77.85,76,100,8.48,overcast clouds
325,Kastamonu,TR,41.5,33.6667,39.69,90,3,2.91,clear sky
326,Iskilip,TR,40.7353,34.4739,43.88,79,0,2.55,clear sky
327,San Patricio,US,28.017,-97.5169,64.83,47,100,15.08,overcast clouds
328,Puerto Escondido,MX,15.85,-97.0667,83.23,65,1,3.44,clear sky
329,Luwuk,ID,-0.9516,122.7875,86.34,71,100,3.4,overcast clouds
330,Nome,US,64.5011,-165.4064,23.07,86,90,11.5,light snow
331,Chumikan,RU,54.7183,135.315,8.58,77,2,18.86,clear sky
332,Gat,IL,31.61,34.7642,65.91,44,100,5.37,overcast clouds
333,Inhambane,MZ,-23.865,35.3833,75.78,85,24,8.19,few clouds
334,Port Moresby,PG,-9.4431,147.1797,87.22,62,40,11.5,scattered clouds
335,Kargasok,RU,59.0556,80.8572,5.2,96,99,7.56,overcast clouds
336,Hervey Bay,AU,-25.2986,152.8535,84.31,63,100,6.58,overcast clouds
337,Siniscola,IT,40.5719,9.6922,45.95,66,2,15.01,clear sky
338,Zaraza,VE,9.3503,-65.3245,73.13,93,26,3.8,scattered clouds
339,Gurupa,BR,-1.405,-51.64,75.11,92,100,3.02,overcast clouds
340,Itaueira,BR,-7.6033,-43.0256,76.53,68,38,3.13,scattered clouds
341,Dashitou,CN,43.3067,128.5114,26.69,66,5,2.53,clear sky
342,Katherine,AU,-14.4667,132.2667,95.32,41,20,6.91,few clouds
343,Vaasa,FI,63.096,21.6158,12.94,92,0,2.3,clear sky
344,San Quintin,MX,30.4833,-115.95,59.04,86,1,3.4,clear sky
345,Fare,PF,-16.7,-151.0167,79.9,79,100,12.62,moderate rain
346,Mandalgovi,MN,45.7625,106.2708,26.6,26,100,6.85,overcast clouds
347,Sinnamary,GF,5.3833,-52.95,77.5,89,95,6.6,overcast clouds
348,Victoria,HK,22.2855,114.1577,72.25,59,0,3.0,clear sky
349,Klaksvik,FO,62.2266,-6.589,40.12,96,79,36.42,broken clouds
350,Aripuana,BR,-9.1667,-60.6333,73.22,98,100,2.17,overcast clouds
351,Padang,ID,-0.9492,100.3543,84.79,63,74,2.21,light rain
352,Vila Velha,BR,-20.3297,-40.2925,71.94,95,40,3.0,scattered clouds
353,Ola,RU,59.5833,151.2833,14.36,93,100,16.35,snow
354,Srednekolymsk,RU,67.45,153.6833,-35.97,99,91,2.26,overcast clouds
355,Burgeo,CA,47.6167,-57.6152,41.68,95,100,25.34,overcast clouds
356,Abu Samrah,SY,35.3029,37.1841,50.97,52,31,10.0,scattered clouds
357,Ankara,TR,39.9199,32.8543,49.39,66,40,10.36,scattered clouds
358,Nianzishan,CN,47.5167,122.8833,29.5,51,0,3.11,clear sky
359,Pangnirtung,CA,66.1451,-65.7125,1.2,95,100,3.02,overcast clouds
360,Juli,PE,-16.2167,-69.45,45.55,74,96,5.95,overcast clouds
361,Pingliang,CN,35.5392,106.6861,33.31,69,100,6.91,overcast clouds
362,Limon,CR,10.0,-83.0333,77.54,81,29,2.1,scattered clouds
363,Waw,SS,7.7029,27.9953,75.67,34,20,5.23,few clouds
364,Preobrazheniye,RU,42.9019,133.9064,38.34,45,2,0.31,clear sky
365,Maningrida,AU,-12.0667,134.2667,85.46,68,97,4.99,overcast clouds
366,Kieta,PG,-6.2167,155.6333,83.52,82,85,7.4,moderate rain
367,Saint-Georges,GD,12.0564,-61.7485,78.48,78,20,16.11,few clouds
368,Forrest City,US,35.0081,-90.7898,37.26,55,0,8.48,clear sky
369,Road Town,VG,18.4167,-64.6167,80.01,67,2,20.67,clear sky
370,Olinda,BR,-8.0089,-34.8553,82.13,65,40,8.05,scattered clouds
371,Ahuimanu,US,21.4447,-157.8378,74.91,84,90,8.05,heavy intensity rain
372,Baykit,RU,61.67,96.37,0.09,99,100,1.16,overcast clouds
373,Timmins,CA,48.4669,-81.3331,1.22,78,90,14.97,light snow
374,Port Hardy,CA,50.6996,-127.4199,41.0,93,90,18.41,light rain
375,Fairbanks,US,64.8378,-147.7164,25.14,83,75,0.0,broken clouds
376,Mbandaka,CD,0.0487,18.2603,70.21,95,77,1.77,light rain
377,Bima,ID,-8.4667,118.7167,88.2,63,81,2.42,broken clouds
378,Neuquen,AR,-38.9516,-68.0591,80.49,39,0,8.05,clear sky
379,Izyum,UA,49.2088,37.2485,40.66,94,100,10.69,overcast clouds
380,Huangmei,CN,30.1924,116.025,58.21,35,97,12.44,overcast clouds
381,Netolice,CZ,49.0493,14.197,33.89,94,83,2.98,broken clouds
382,Centralia,US,46.7162,-122.9543,46.51,86,90,8.05,mist
383,Ebeltoft,DK,56.1944,10.6821,35.64,75,75,11.5,broken clouds
384,Verkhnevilyuysk,RU,63.4453,120.3167,-29.72,100,96,2.21,overcast clouds
385,Beringovskiy,RU,63.05,179.3167,-4.74,86,95,8.41,overcast clouds
386,Bengkulu,ID,-3.8004,102.2655,82.69,69,62,5.06,moderate rain
387,Palmas,BR,-10.2128,-48.3603,76.87,94,40,0.0,scattered clouds
388,Waipawa,NZ,-41.4122,175.5153,56.03,98,100,3.71,moderate rain
389,Sierra Madre,US,34.1617,-118.0528,62.38,81,1,5.75,haze
390,Kuopio,FI,62.8924,27.677,12.15,85,75,8.05,light snow
391,Hutchinson,US,38.0608,-97.9298,33.31,51,1,6.91,clear sky
392,Biasca,CH,46.3597,8.9697,38.14,62,94,6.78,light rain
393,Soe,ID,-9.8607,124.284,81.25,60,95,5.44,overcast clouds
394,Chifeng,CN,42.2683,118.9636,35.37,28,0,3.58,clear sky
395,Sayyan,YE,15.1718,44.3244,43.41,33,0,3.09,clear sky
396,Faanui,PF,-16.4833,-151.75,80.73,75,92,13.02,light rain
397,Abonnema,NG,4.7084,6.7931,77.79,87,100,4.18,overcast clouds
398,Suez,EG,29.9737,32.5263,61.3,65,100,2.95,overcast clouds
399,Bac Lieu,VN,9.285,105.7244,80.19,74,76,5.99,broken clouds
400,Sao Felix Do Xingu,BR,-6.6447,-51.995,73.35,98,100,0.63,overcast clouds
401,Berlevag,NO,70.8578,29.0864,21.22,76,100,13.56,overcast clouds
402,Radyvyliv,UA,50.1299,25.2558,29.23,98,100,4.83,light snow
403,Kashi,CN,39.4547,75.9797,24.01,58,20,6.71,few clouds
404,Cairns,AU,-16.9167,145.7667,93.94,74,40,8.05,scattered clouds
405,Khorixas,NA,-20.3667,14.9667,64.11,33,0,0.81,clear sky
406,Esterhazy,CA,50.65,-102.0843,-1.35,92,100,6.24,overcast clouds
407,Sakakah,SA,29.9697,40.2064,47.77,42,89,7.67,overcast clouds
408,Lompoc,US,34.6391,-120.4579,58.12,87,90,5.75,mist
409,Paamiut,GL,61.994,-49.6678,17.15,76,99,7.38,overcast clouds
410,Peruc,CZ,50.3425,13.9599,31.8,90,90,3.0,overcast clouds
411,Entre Rios,BR,-11.9419,-38.0844,70.66,98,22,3.58,few clouds
412,Nara,JP,34.6851,135.8049,52.92,93,100,2.01,light rain
413,Mareeba,AU,-17.0,145.4333,89.31,32,10,8.3,clear sky
414,Porto Belo,BR,-27.1578,-48.5531,71.55,82,97,14.0,overcast clouds
415,Hualmay,PE,-11.0964,-77.6139,67.64,82,99,8.41,overcast clouds
416,Vestmannaeyjar,IS,63.4427,-20.2734,37.72,59,100,20.69,overcast clouds
417,Comodoro Rivadavia,AR,-45.8667,-67.5,66.06,32,0,5.75,clear sky
418,Japura,ID,-0.3167,102.35,80.22,83,100,4.21,overcast clouds
419,Quebo,GW,11.3333,-14.9333,72.3,95,11,1.99,few clouds
420,Zhigansk,RU,66.7697,123.3711,-29.0,99,99,8.72,overcast clouds
421,Saravan,AM,39.7196,45.6483,14.65,62,35,5.91,scattered clouds
422,Tilichiki,RU,60.4667,166.1,-5.15,80,100,10.4,overcast clouds
423,Sur,OM,22.5667,59.5289,71.37,62,0,2.66,clear sky
424,Lucapa,AO,-8.4192,20.7447,64.47,97,82,3.38,broken clouds
425,Rafaela,AR,-31.2503,-61.4867,73.06,59,0,1.01,clear sky
426,Konevo,RU,62.1215,39.3192,7.72,91,96,6.93,overcast clouds
427,Fraserburgh,GB,57.6874,-2.0184,36.43,75,86,12.46,overcast clouds
428,Bacolod,PH,10.6667,122.95,80.42,74,98,11.1,overcast clouds
429,Luzhou,CN,28.8724,105.4405,53.89,84,100,4.43,overcast clouds
430,Namibe,AO,-15.1961,12.1522,71.44,67,1,2.26,clear sky
431,Hvide Sande,DK,56.0045,8.1294,35.1,85,100,21.83,overcast clouds
432,Shingu,JP,33.7333,135.9833,54.59,90,100,5.41,overcast clouds
433,Komsomolskiy,UZ,40.4272,71.7189,36.32,80,75,6.91,mist
434,Qaqortoq,GL,60.7167,-46.0333,16.3,55,5,21.52,clear sky
435,Bilibino,RU,68.0546,166.4372,-23.08,98,100,0.96,overcast clouds
436,Galle,LK,6.0367,80.217,79.54,81,81,4.41,broken clouds
437,Codrington,AU,-38.2667,141.9667,61.75,44,36,16.44,scattered clouds
438,Deputatskiy,RU,69.3,139.9,-24.18,98,100,2.08,overcast clouds
439,Nantucket,US,41.2835,-70.0995,62.62,89,20,25.32,few clouds
440,Richards Bay,ZA,-28.783,32.0377,72.19,83,84,12.12,broken clouds
441,Luangwa,ZM,-15.6167,30.4167,77.83,44,50,1.57,scattered clouds
442,Warrington,GB,53.3925,-2.5802,39.97,87,16,1.01,few clouds
443,Ambon,ID,-3.6954,128.1814,89.74,62,40,17.27,scattered clouds
444,Normal,US,40.5142,-88.9906,22.28,48,1,8.99,clear sky
445,Moose Factory,CA,51.2585,-80.6094,1.4,78,90,20.71,light snow
446,Kismayo,SO,-0.3582,42.5454,79.12,79,41,9.73,scattered clouds
447,Ayotzintepec,MX,17.6667,-96.1333,73.38,96,16,2.53,few clouds
448,Lasa,IT,46.6166,10.7002,26.02,67,97,5.37,overcast clouds
449,Russellville,US,35.2784,-93.1338,39.83,52,1,6.91,clear sky
450,Prince Rupert,CA,54.3161,-130.3201,35.29,71,90,6.91,overcast clouds
451,Birao,CF,10.2849,22.7882,69.46,21,28,6.08,scattered clouds
452,Ourem,PT,39.6417,-8.5919,55.6,93,100,3.42,overcast clouds
453,Pacifica,US,37.6138,-122.4869,54.45,86,90,1.99,mist
454,Eureka,US,40.8021,-124.1637,49.68,96,100,4.92,light rain
455,Sherlovaya Gora,RU,50.5667,116.25,17.94,69,30,3.53,scattered clouds
456,Palmer,US,42.1584,-72.3287,48.13,76,90,8.01,moderate rain
457,Labrea,BR,-7.2586,-64.7981,73.24,100,100,2.21,overcast clouds
458,Urumqi,CN,43.801,87.6005,22.15,74,100,2.24,smoke
459,Mnogovershinnyy,RU,53.9353,139.9242,11.57,72,65,17.09,broken clouds
460,Yulara,AU,-25.2406,130.9889,87.64,27,27,13.8,scattered clouds
461,Bowen,AU,-20.0167,148.2333,88.02,64,2,17.2,clear sky
462,Burnie,AU,-41.0667,145.9167,64.62,36,27,11.56,scattered clouds
463,Miquelon,PM,47.0975,-56.3814,43.25,88,91,40.58,overcast clouds
464,Cayenne,GF,4.9333,-52.3333,76.08,91,75,0.0,broken clouds
465,Codo,BR,-4.4553,-43.8856,74.37,94,62,4.05,broken clouds
466,Kerman,IR,30.2832,57.0788,30.06,55,0,4.61,clear sky
467,Shenzhen,CN,22.5455,114.0683,72.14,66,0,6.67,clear sky
468,Winslow,US,35.0242,-110.6974,53.96,32,1,1.01,clear sky
469,Fernley,US,39.608,-119.2518,49.8,78,100,3.51,overcast clouds
470,Lazi,UA,48.0667,24.2333,37.76,99,100,3.53,overcast clouds
471,Malartic,CA,48.1335,-78.1328,14.11,81,100,15.21,overcast clouds
472,Dehloran,IR,32.6941,47.2679,59.97,48,60,6.82,broken clouds
473,Grindavik,IS,63.8424,-22.4338,35.55,60,75,16.11,broken clouds
474,Misratah,LY,32.3754,15.0925,57.87,58,57,34.49,broken clouds
475,Davila,PH,18.4726,120.5763,84.18,63,98,26.17,overcast clouds
476,Serenje,ZM,-13.2325,30.2352,63.9,61,34,3.29,scattered clouds
477,Artesia,US,33.8658,-118.0831,62.78,86,90,1.99,overcast clouds
478,Malakal,SS,9.5334,31.6605,75.13,31,16,4.63,few clouds
479,Broome,US,42.2506,-75.833,37.85,66,20,5.99,few clouds
480,Zatoka,UA,46.0725,30.4654,54.14,93,100,17.2,overcast clouds
481,Nenjiang,CN,49.1833,125.2167,22.68,79,5,4.99,clear sky
482,Kathu,TH,7.9178,98.3332,80.42,73,100,10.98,overcast clouds
483,Mayo,US,38.8876,-76.5119,55.38,24,90,18.41,overcast clouds
484,Camana,PE,-16.6228,-72.7111,67.98,86,100,3.53,overcast clouds
485,Sobradinho,BR,-12.8333,-39.1,70.66,99,95,1.9,overcast clouds
486,Punta Cardon,VE,11.6581,-70.215,79.43,82,8,25.01,clear sky
487,Ondo,NG,7.1,4.8333,73.2,100,76,1.23,broken clouds
488,Vila,PT,42.0304,-8.1588,48.33,96,100,5.5,overcast clouds
489,Payakumbuh,ID,-0.2202,100.6308,79.65,77,100,1.52,overcast clouds
490,Tessalit,ML,20.1986,1.0114,65.35,21,96,9.55,overcast clouds
491,Simbahan,PH,6.3032,120.5836,82.67,73,94,15.79,overcast clouds
492,Fukuma,JP,33.7667,130.4667,57.09,74,54,11.34,light rain
493,Beloha,MG,-25.1667,45.05,75.97,62,0,5.86,clear sky
494,Bolshoy Lug,RU,52.0779,104.0919,8.78,69,19,2.64,few clouds
495,Cagli,IT,43.5457,12.6527,38.84,87,32,1.41,scattered clouds
496,Booue,GA,-0.0921,11.9385,72.37,99,100,0.4,overcast clouds
497,Tual,ID,-5.6667,132.75,83.35,75,100,6.58,overcast clouds
498,Batangafo,CF,7.3008,18.2833,75.18,33,100,2.51,overcast clouds
499,Vardo,NO,70.3705,31.1107,22.95,72,95,17.67,overcast clouds
500,Olafsvik,IS,64.8945,-23.7142,36.3,55,100,16.13,overcast clouds
501,Narsaq,GL,60.9167,-46.05,16.02,49,59,18.52,broken clouds
502,Betare Oya,CM,5.6,14.0833,73.31,36,99,1.66,overcast clouds
503,Afonso Claudio,BR,-20.0742,-41.1239,67.32,98,100,1.34,overcast clouds
504,Poum,NC,-20.2333,164.0167,82.63,71,2,11.32,clear sky
505,Cap Malheureux,MU,-19.9842,57.6142,79.47,68,1,5.99,clear sky
506,Sanmenxia,CN,34.7747,111.1814,44.83,36,100,15.46,overcast clouds
507,Albion,US,42.2431,-84.753,28.2,82,90,11.5,light snow
508,Gondanglegi,ID,-7.7479,112.0132,80.35,82,99,5.57,overcast clouds
509,La Ronge,CA,55.1001,-105.2842,-12.75,77,1,0.0,clear sky
510,Oliveira Dos Brejinhos,BR,-12.3169,-42.8961,72.68,74,85,2.13,overcast clouds
511,Buchanan,LR,5.8808,-10.0467,76.96,87,16,6.33,light rain
512,Kariba,ZW,-16.5167,28.8,77.52,55,62,2.08,broken clouds
513,Boulsa,BF,12.6675,-0.5758,72.95,20,84,8.5,broken clouds
514,Soddy-Daisy,US,35.2359,-85.1908,44.44,68,100,1.99,overcast clouds
515,Tommot,RU,58.9564,126.2925,6.71,78,100,12.57,overcast clouds
516,Alice Springs,AU,-23.7,133.8833,83.75,48,17,10.36,few clouds
517,San Rafael,AR,-34.6177,-68.3301,76.01,55,99,10.04,overcast clouds
518,Vao,NC,-22.6667,167.4833,79.02,73,0,3.87,clear sky
519,Vernon,CA,50.2581,-119.2691,26.98,78,75,2.3,broken clouds
520,Tukrah,LY,32.5341,20.5791,53.44,80,92,22.44,overcast clouds
521,Mamburao,PH,13.25,120.6667,85.46,56,68,5.19,broken clouds
522,Tutoia,BR,-2.7619,-42.2744,81.14,82,57,12.39,broken clouds
523,Ixtapa,MX,20.7,-105.2,76.23,88,1,0.0,clear sky
524,Madhipura,IN,25.9167,86.7833,73.38,63,0,1.34,clear sky
525,Plettenberg Bay,ZA,-34.0527,23.3716,59.09,88,77,2.01,broken clouds
526,Monte Alegre,BR,-2.0078,-54.0692,78.87,71,99,3.27,overcast clouds
527,Sitka,US,57.0531,-135.33,33.69,80,90,6.91,overcast clouds
528,Binga,ZW,-17.6203,27.3414,73.35,72,84,6.35,broken clouds
529,Sharqpur,PK,31.4633,74.1,50.13,50,0,3.69,clear sky
530,Plainview,US,40.7765,-73.4673,55.08,75,90,10.0,overcast clouds
531,Coquimbo,CL,-29.9533,-71.3436,58.73,77,90,5.75,overcast clouds
532,Nemencine,LT,54.85,25.4833,16.32,97,68,5.06,broken clouds
533,Khasan,RU,42.4308,130.6434,35.85,53,0,8.41,clear sky
534,Atar,MR,20.5169,-13.0499,64.36,17,2,8.9,clear sky
535,Mazagao,BR,-0.115,-51.2894,78.85,92,93,3.76,light rain
536,Shubarshi,KZ,48.5872,57.1869,32.5,98,100,4.76,overcast clouds
537,Iskateley,RU,67.6803,53.1512,9.28,98,97,2.28,overcast clouds
538,Nishihara,JP,26.1842,127.7558,72.68,60,40,11.5,scattered clouds
539,Dolores,AR,-36.3132,-57.6792,59.18,94,0,7.61,clear sky
540,Sassandra,CI,4.95,-6.0833,77.83,86,9,5.95,clear sky
541,Brae,GB,60.3964,-1.353,44.51,73,47,14.2,scattered clouds
542,Herat,AF,34.5,62.0,43.39,37,27,8.79,scattered clouds
543,Pinkafeld,AT,47.3667,16.1167,30.47,85,9,2.86,clear sky
544,Maarianhamina,AX,60.0973,19.9348,21.7,59,53,2.71,broken clouds
545,Ilulissat,GL,69.2167,-51.1,19.42,49,100,12.66,overcast clouds
546,Graaff-Reinet,ZA,-32.2522,24.5308,57.92,93,97,5.19,overcast clouds
547,Jaicos,BR,-7.3592,-41.1378,81.88,48,86,3.2,overcast clouds
548,Leningradskiy,RU,69.3833,178.4167,-6.75,85,100,28.7,overcast clouds
549,Port Blair,IN,11.6667,92.75,81.23,67,100,14.94,overcast clouds
550,Luena,AO,-11.7833,19.9167,62.15,93,99,0.11,overcast clouds
551,Gadarwara,IN,22.9167,78.7833,65.16,63,0,5.66,clear sky
552,Necochea,AR,-38.5473,-58.7368,61.03,68,0,12.86,clear sky
553,Kita,ML,13.0349,-9.4895,68.41,20,8,4.18,clear sky
554,Valle De Allende,MX,26.9333,-105.4,58.35,50,74,10.71,broken clouds
555,Staraya,RU,59.9281,30.6206,7.34,86,100,2.59,overcast clouds
556,Sao Miguel Do Araguaia,BR,-13.275,-50.1628,74.32,88,82,3.94,broken clouds
557,Haines Junction,CA,60.7522,-137.5108,16.18,96,100,2.89,light snow
558,Morant Bay,JM,17.8815,-76.4093,82.02,82,8,10.09,clear sky
559,Nizhniy Kuranakh,RU,58.8353,125.4869,6.03,78,100,9.95,overcast clouds
560,Tres Pontas,BR,-21.3667,-45.5125,61.65,94,64,6.35,broken clouds
561,Havre-Saint-Pierre,CA,50.2334,-63.5986,37.99,93,90,17.27,mist
562,Central Point,US,42.376,-122.9164,45.9,91,90,0.0,light rain
563,Sibolga,ID,1.7427,98.7792,85.68,59,69,2.68,broken clouds
564,Dwarka,IN,22.2394,68.9678,74.61,44,0,14.0,clear sky
565,Hanzhong,CN,33.0728,107.0303,46.83,51,100,5.68,overcast clouds
566,Carupano,VE,10.6678,-63.2585,76.64,86,34,10.63,scattered clouds
567,Sioux Lookout,CA,50.1001,-91.917,-7.53,77,20,6.91,few clouds
568,Griffith,US,41.5284,-87.4237,22.05,47,1,5.99,clear sky
569,Xining,CN,36.6167,101.7667,29.66,36,100,2.66,overcast clouds
570,Russell,US,32.3502,-85.1999,62.2,94,90,3.44,light intensity drizzle
571,Domodossola,IT,46.1165,8.2931,40.14,53,96,6.29,light snow
572,Bom Jesus,BR,-9.0744,-44.3586,77.05,71,78,0.47,broken clouds
573,Paso De Patria,AR,-27.2454,-58.5454,75.18,47,0,6.02,clear sky
574,Morondava,MG,-20.2833,44.2833,78.67,82,0,2.93,clear sky
575,Port-Gentil,GA,-0.7193,8.7815,77.32,87,99,4.76,overcast clouds
576,Turochak,RU,52.2576,87.1224,24.49,86,100,1.39,overcast clouds
577,Sao Joao Dos Patos,BR,-6.495,-43.7022,74.68,70,99,1.41,overcast clouds
578,Rondonopolis,BR,-16.4708,-54.6356,76.93,86,59,3.38,broken clouds
579,Meulaboh,ID,4.1363,96.1285,83.55,70,15,3.6,few clouds
580,Lagos,NG,6.5833,3.75,80.92,89,49,3.2,scattered clouds
581,Toora-Khem,RU,52.4675,96.11,3.25,91,63,1.74,broken clouds
582,Mozarlandia,BR,-14.7447,-50.5706,74.34,90,76,5.14,broken clouds
583,Beidao,CN,34.5686,105.8933,37.02,89,100,4.16,overcast clouds
584,Tombouctou,ML,20.0,-3.0,61.7,14,100,13.71,overcast clouds
585,Alta Floresta,BR,-9.8756,-56.0861,72.45,97,87,1.97,light rain
586,Hayden,US,47.766,-116.7866,29.91,88,90,5.75,light snow
587,Ayr,GB,55.4627,-4.6339,39.18,87,75,4.61,broken clouds
588,Henties Bay,NA,-22.116,14.2845,57.85,95,7,3.11,clear sky
589,Pirgos,GR,35.1167,25.7178,63.63,61,12,25.52,few clouds
590,Porto Novo,BJ,6.4965,2.6036,82.22,84,100,5.21,overcast clouds
591,Zhuji,CN,29.7188,120.2423,55.31,48,2,5.82,clear sky
592,Bilma,NE,18.6853,12.9164,64.44,19,37,9.53,scattered clouds
593,Filingue,NE,14.3521,3.3168,71.64,15,4,7.85,clear sky
594,Toamasina,MG,-18.1667,49.3833,73.4,94,75,4.61,broken clouds
595,Shelbyville,US,35.4834,-86.4603,39.02,74,1,1.99,clear sky
596,Neyyattinkara,IN,8.4,77.0833,80.46,80,45,1.63,scattered clouds
597,Quatre Cocos,MU,-20.2078,57.7625,80.1,71,16,11.74,light rain
598,Ajaccio,FR,42.0,8.9167,45.09,70,90,8.05,overcast clouds
599,Jinchang,CN,38.4953,102.1739,29.5,44,100,3.24,overcast clouds
600,Rio Gallegos,AR,-51.6226,-69.2181,62.65,51,75,9.22,broken clouds
601,Novyy Urengoy,RU,66.0833,76.6333,-1.3,97,100,8.88,light snow
602,Tahe,CN,52.3333,124.7333,17.13,75,12,2.91,few clouds
603,Santa Cruz,BO,-17.8,-63.1667,78.26,78,75,2.3,broken clouds
604,Sorong,ID,-0.8833,131.25,84.94,72,100,7.87,overcast clouds
605,Flin Flon,CA,54.7682,-101.865,-9.51,98,100,0.96,overcast clouds
606,San Jose,US,37.3394,-121.895,54.59,91,90,3.44,mist
607,Biu,NG,10.6129,12.1946,67.96,24,96,7.43,overcast clouds
608,Kipini,KE,-2.5257,40.5262,80.89,81,17,7.16,light rain
609,Mosquera,CO,4.7059,-74.2302,59.09,88,75,5.75,broken clouds
610,Watsa,CD,3.0372,29.5355,64.06,79,91,2.37,overcast clouds
611,Beyneu,KZ,45.3167,55.2,39.45,60,91,4.81,overcast clouds
612,Fukue,JP,32.6881,128.8419,62.96,59,40,11.5,scattered clouds
613,Saint-Augustin,CA,51.226,-58.6502,28.81,97,100,22.66,snow
614,Kokopo,PG,-4.352,152.2633,82.89,76,100,3.69,light rain
615,Tabou,CI,4.423,-7.3528,78.76,85,37,7.02,light rain
616,Olonets,RU,60.9847,32.9698,11.57,94,100,8.59,light snow
617,Korem,ET,12.5058,39.5228,45.07,42,0,3.36,clear sky
618,Pitimbu,BR,-7.4706,-34.8086,79.39,71,23,11.01,few clouds
619,Flinders,AU,-34.5833,150.8552,83.21,72,67,11.23,light rain
620,Jalu,LY,29.0331,21.5482,53.64,35,0,16.44,clear sky
621,Eirunepe,BR,-6.6603,-69.8736,71.51,100,100,2.01,overcast clouds
622,Astoria,US,46.1879,-123.8313,50.95,96,90,1.99,mist
623,Grand Gaube,MU,-20.0064,57.6608,80.38,68,1,7.0,clear sky
624,Barajevo,RS,44.5789,20.4158,38.52,98,100,11.14,light snow
625,Stokmarknes,NO,68.5646,14.9108,17.38,67,13,6.51,few clouds
626,Kikwit,CD,-5.041,18.8162,71.96,89,100,1.57,overcast clouds
627,Taltal,CL,-25.4,-70.4833,63.99,76,64,2.64,broken clouds
628,Wattegama,LK,6.7989,81.4808,76.12,77,19,5.73,few clouds
629,Isla Vista,US,34.4133,-119.861,60.12,80,90,4.61,mist
630,Khandbari,NP,27.3747,87.2039,62.96,61,3,1.05,clear sky
631,Villanueva,HN,15.3167,-88.0,76.19,83,20,5.75,few clouds
632,Ketchikan,US,55.3422,-131.6461,28.87,93,1,0.0,clear sky
633,Kavaratti,IN,10.5669,72.642,80.28,65,3,9.91,clear sky
634,Udachnyy,RU,66.4167,112.4,-32.03,97,88,5.06,overcast clouds
635,Mokrous,RU,51.2333,47.5167,19.6,90,89,8.46,overcast clouds
636,Lola,GN,7.8,-8.5333,68.04,71,1,2.53,clear sky
637,Ushtobe,KZ,45.2514,77.9838,38.44,86,100,2.86,overcast clouds
638,Victor Harbor,AU,-35.5667,138.6167,69.91,56,58,3.0,broken clouds
639,Sabang,ID,5.8933,95.3214,82.81,70,26,21.07,scattered clouds
640,Ayan,RU,56.45,138.1667,9.91,56,12,13.85,few clouds
641,Puerto Madero,MX,14.7208,-92.4215,80.01,75,13,4.38,few clouds
642,That Phanom,TH,16.9364,104.7104,70.12,40,5,11.56,clear sky
643,Les Cayes,HT,18.2,-73.75,76.15,85,2,4.59,clear sky
644,Tongliao,CN,43.6125,122.2653,30.67,75,1,9.31,clear sky
645,Kouango,CF,4.9934,19.9619,74.28,72,100,1.25,overcast clouds
646,Roshchino,RU,60.2519,29.6085,6.75,96,100,2.48,overcast clouds
647,Joniskis,LT,56.2403,23.6153,9.52,100,67,3.4,broken clouds
648,Saint-Francois,FR,46.4154,3.9054,43.48,95,90,5.75,overcast clouds
649,Bandarbeyla,SO,9.4942,50.8122,73.18,68,12,15.55,few clouds
650,Odweyne,SO,9.4092,45.064,60.35,39,27,4.65,scattered clouds
651,Uhlove,UA,44.8215,33.6045,61.57,60,100,12.57,overcast clouds
652,Emerald,AU,-23.5333,148.1667,86.34,54,99,5.75,overcast clouds
653,Lazaro Cardenas,MX,17.9583,-102.2,76.37,81,3,3.58,clear sky
654,Dingli,MT,35.8614,14.3822,53.82,76,20,26.46,few clouds
655,Tianpeng,CN,30.9866,103.9393,50.47,92,100,2.57,overcast clouds
656,Kindu,CD,-2.95,25.95,69.22,99,97,1.95,overcast clouds
657,Bereda,ES,43.2686,-7.5406,55.15,100,100,6.53,overcast clouds
658,The Valley,AI,18.217,-63.0578,80.82,67,0,20.31,clear sky
659,Bhatapara,IN,21.7333,81.9333,68.54,61,0,6.55,clear sky
660,Santa Ines,BR,-3.6667,-45.38,75.56,93,46,3.74,scattered clouds
661,Parrita,CR,9.5201,-84.3225,82.17,86,31,2.33,scattered clouds
662,Lianzhou,CN,24.7811,112.3825,64.99,38,0,2.26,clear sky
663,Naze,JP,28.3667,129.4833,68.92,61,67,14.03,broken clouds
664,Qui Nhon,VN,13.7667,109.2333,72.48,80,97,18.75,overcast clouds
665,Umm Lajj,SA,25.0213,37.2685,72.79,58,0,3.53,clear sky
666,Bratsk,RU,56.1325,101.6142,30.69,88,100,8.68,overcast clouds
667,Tomatlan,MX,19.9333,-105.25,71.58,86,100,2.93,overcast clouds
668,Abalak,RU,58.1286,68.5944,0.27,94,100,7.49,overcast clouds
669,Sabha,LY,27.0377,14.4283,43.2,42,0,12.37,clear sky
670,Marsa Matruh,EG,31.3525,27.2453,52.0,71,0,11.5,clear sky
671,Impfondo,CG,1.6381,18.0667,73.02,90,96,1.68,overcast clouds
672,Lumsden,CA,50.6501,-104.8678,4.17,94,64,4.56,broken clouds
673,Assomada,CV,15.1,-23.6833,69.35,77,72,10.13,broken clouds
674,Alugan,PH,12.2188,125.4808,80.38,87,77,14.83,broken clouds
675,Cockburn Town,TC,21.4612,-71.1419,80.65,78,70,18.1,broken clouds
676,Kiunga,PG,-6.1219,141.2906,92.48,50,75,2.71,broken clouds
677,Suyo,PH,16.9762,120.5254,82.96,52,39,3.22,scattered clouds
678,Bartica,GY,6.4,-58.6167,73.72,100,89,1.14,overcast clouds
679,Katobu,ID,-4.9408,122.5276,78.4,86,100,10.25,overcast clouds
680,Manadhoo,MV,5.7667,73.3833,82.22,76,26,8.75,scattered clouds
